<?xml version="1.0" encoding="utf-8"?>
<databaseChangeLog
    xmlns="http://www.liquibase.org/xml/ns/dbchangelog"
    xmlns:ext="http://www.liquibase.org/xml/ns/dbchangelog-ext"
    xmlns:xsi="http://www.w3.org/2001/XMLSchema-instance"
    xsi:schemaLocation="http://www.liquibase.org/xml/ns/dbchangelog http://www.liquibase.org/xml/ns/dbchangelog/dbchangelog-latest.xsd
                        http://www.liquibase.org/xml/ns/dbchangelog-ext http://www.liquibase.org/xml/ns/dbchangelog/dbchangelog-ext.xsd">

    <!--
        Added the entity Operation.
    -->
    <changeSet id="20150805125054-1" author="jhipster">
        <createTable tableName="operation">
            <column name="id" type="bigint">
                <constraints primaryKey="true" nullable="false"/>
            </column>
            <column name="date" type="${datetimeType}">
                <constraints nullable="false" />
            </column>
            <column name="description" type="varchar(255)">
                <constraints nullable="true" />
            </column>
            <column name="amount" type="decimal(21,2)">
                <constraints nullable="false" />
            </column>
            <column name="bank_account_id" type="bigint">
                <constraints nullable="true" />
            </column>
            <!-- jhipster-needle-liquibase-add-column - JHipster will add columns here -->
        </createTable>
        <dropDefaultValue tableName="operation" columnName="date" columnDataType="${datetimeType}"/>
    </changeSet>

    <changeSet id="20150805125054-1-relations" author="jhipster">

        <createTable tableName="rel_operation__label">
            <column name="label_id" type="bigint">
                <constraints nullable="false"/>
            </column>
            <column name="operation_id" type="bigint">
                <constraints nullable="false"/>
            </column>
        </createTable>

        <addPrimaryKey columnNames="operation_id, label_id" tableName="rel_operation__label"/>
    </changeSet>

    <!-- jhipster-needle-liquibase-add-changeset - JHipster will add changesets here -->

    <!--
        Load sample data generated with Faker.js
        - This data can be easily edited using a CSV editor (or even MS Excel) and
          is located in the 'src/main/resources/config/liquibase/fake-data' directory
        - By default this data is applied when running with the JHipster 'dev' profile.
          This can be customized by adding or removing 'faker' in the 'spring.liquibase.contexts'
          Spring Boot configuration key.
    -->
    <changeSet id="20150805125054-1-data" author="jhipster" context="faker">
        <loadData
                  file="config/liquibase/fake-data/operation.csv"
                  separator=";"
                  tableName="operation"
                  usePreparedStatements="true">
            <column name="id" type="numeric"/>
            <column name="date" type="date"/>
            <column name="description" type="string"/>
            <column name="amount" type="numeric"/>
            <!-- jhipster-needle-liquibase-add-loadcolumn - JHipster (and/or extensions) can add load columns here -->
        </loadData>
    </changeSet>
</databaseChangeLog>
