{
  "annotations": {
    "changelogDate": "20150805124838"
  },
  "changelogDate": "20150805124838",
  "dto": "no",
  "entityTableName": "bank_account",
  "fields": [
    {
      "fieldId": 1,
      "fieldName": "name",
      "fieldType": "String",
      "fieldValidateRules": ["required"]
    },
    {
      "fieldId": 2,
      "fieldName": "balance",
      "fieldType": "BigDecimal",
      "fieldValidateRules": ["required"]
    }
  ],
  "name": "BankAccount",
  "pagination": "no",
  "relationships": [
    {
      "otherEntityField": "login",
      "otherEntityName": "user",
      "relationshipId": 1,
      "relationshipName": "user",
      "relationshipSide": "left",
      "relationshipType": "many-to-one"
    },
    {
      "otherEntityName": "operation",
      "otherEntityRelationshipName": "bankAccount",
      "relationshipId": 2,
      "relationshipName": "operation",
      "relationshipSide": "left",
      "relationshipType": "one-to-many"
    }
  ],
  "searchEngine": "no"
}
