{
  "annotations": {
    "changelogDate": "20150805124936"
  },
  "changelogDate": "20150805124936",
  "dto": "no",
  "entityTableName": "label",
  "fields": [
    {
      "fieldId": 1,
      "fieldName": "label",
      "fieldType": "String",
      "fieldValidateRules": ["required", "minlength"],
      "fieldValidateRulesMinlength": "3"
    }
  ],
  "name": "Label",
  "pagination": "no",
  "relationships": [
    {
      "otherEntityName": "operation",
      "otherEntityRelationshipName": "label",
      "ownerSide": false,
      "relationshipId": 1,
      "relationshipName": "operation",
      "relationshipSide": "right",
      "relationshipType": "many-to-many"
    }
  ],
  "searchEngine": "no"
}
