{
  "annotations": {
    "changelogDate": "20150805125054"
  },
  "changelogDate": "20150805125054",
  "dto": "no",
  "entityTableName": "operation",
  "fields": [
    {
      "fieldId": 1,
      "fieldName": "date",
      "fieldType": "Instant",
      "fieldValidateRules": ["required"]
    },
    {
      "fieldId": 2,
      "fieldName": "description",
      "fieldType": "String"
    },
    {
      "fieldId": 3,
      "fieldName": "amount",
      "fieldType": "BigDecimal",
      "fieldValidateRules": ["required"]
    }
  ],
  "name": "Operation",
  "pagination": "infinite-scroll",
  "relationships": [
    {
      "otherEntityField": "name",
      "otherEntityName": "bankAccount",
      "relationshipId": 1,
      "relationshipName": "bankAccount",
      "relationshipSide": "left",
      "relationshipType": "many-to-one"
    },
    {
      "otherEntityField": "label",
      "otherEntityName": "label",
      "ownerSide": true,
      "relationshipId": 2,
      "relationshipName": "label",
      "relationshipSide": "left",
      "relationshipType": "many-to-many"
    }
  ],
  "searchEngine": "no"
}
