{
  "generator-jhipster": {
    "applicationType": "monolith",
    "authenticationType": "jwt",
    "baseName": "jhipsterSampleApplication",
    "blueprints": [],
    "buildTool": "maven",
    "cacheProvider": "ehcache",
    "clientFramework": "angular",
    "clientPackageManager": "npm",
    "clientTheme": "none",
    "clientThemeVariant": "",
    "clusteredHttpSession": false,
    "creationTimestamp": 1577000812973,
    "databaseType": "sql",
    "devDatabaseType": "h2Memory",
    "devServerPort": 9060,
    "dtoSuffix": "DTO",
    "embeddableLaunchScript": false,
    "enableGradleEnterprise": false,
    "enableHibernateCache": true,
    "enableSocialSignIn": false,
    "enableSwaggerCodegen": false,
    "enableTranslation": true,
    "entities": ["BankAccount", "Label", "Operation"],
    "entitySuffix": "",
    "hibernateCache": "ehcache",
    "jhiPrefix": "jhi",
    "jhipsterVersion": "8.9.0",
    "jwtSecretKey": "bXktc2VjcmV0LWtleS13aGljaC1zaG91bGQtYmUtY2hhbmdlZC1pbi1wcm9kdWN0aW9uLWFuZC1iZS1iYXNlNjQtZW5jb2RlZAo=",
    "languages": ["en"],
    "messageBroker": false,
    "nativeLanguage": "en",
    "otherModules": [],
    "packageFolder": "io/github/jhipster/sample",
    "packageName": "io.github.jhipster.sample",
    "pages": [],
    "prodDatabaseType": "postgresql",
    "reactive": false,
    "searchEngine": false,
    "serverPort": 8080,
    "serviceDiscoveryType": false,
    "skipCheckLengthOfIdentifier": false,
    "skipClient": false,
    "skipFakeData": false,
    "skipServer": false,
    "skipUserManagement": false,
    "testFrameworks": ["gatling", "cypress"],
    "useCompass": false,
    "useSass": true,
    "websocket": false,
    "withAdminUi": true
  }
}
